GD_event	GD_event_id	tumour_id	is_clonal	num_regions_gd_event	total_regions	is_subclonal_mutation_supported	clusters	samples
GD1	CRUK0196_GD1	CRUK0196	TRUE	3	3	FALSE		SU_T1-R1,SU_T1-R3,SU_T1-R4
GD2	CRUK0196_GD2	CRUK0196	FALSE	2	3	FALSE		SU_T1-R1,SU_T1-R3
GD1	CRUK0380_GD1	CRUK0380	TRUE	8	8	FALSE		SU_T1-R1,SU_T1-R2,SU_T1-R3,SU_T1-R4,SU_T1-R5,SU_T1-R6,SU_T1-R7,SU_T1-R8
GD1	CRUK0495_GD1	CRUK0495	FALSE	4	8	FALSE		SU_T1-R1,SU_T1-R2,SU_T1-R3,SU_T1-R4
GD2	CRUK0495_GD2	CRUK0495	FALSE	3	8	TRUE	5	SU_T2-R1,SU_T2-R2,SU_T3-R2
GD3	CRUK0495_GD3	CRUK0495	FALSE	2	8	TRUE	8	SU_T2-R1,SU_T2-R2
GD4	CRUK0495_GD4	CRUK0495	FALSE	1	8	TRUE	2	SU_T1-R6
GD1	CRUK0516_GD1	CRUK0516	TRUE	8	8	FALSE		SU_T1-R1,SU_T1-R2,SU_T1-R3,SU_T1-R4,SU_T1-R5,SU_T1-R6,SU_T1-R7,SU_T1-R8
GD1	CRUK0565_GD1	CRUK0565	FALSE	6	8	FALSE		SU_T1-R1,SU_T1-R2,SU_T1-R3,SU_T1-R6,SU_T1-R7,SU_T1-R8
GD1	CRUK0681_GD1	CRUK0681	FALSE	1	7	TRUE	8,5	SU_T1-R1
GD2	CRUK0681_GD2	CRUK0681	FALSE	1	7	FALSE		SU_T1-R4
GD1	CRUK0714_GD1	CRUK0714	TRUE	8	8	FALSE		SU_T1-R1,SU_T1-R2,SU_T1-R3,SU_T1-R4,SU_T1-R5,SU_T1-R6,SU_T1-R7,SU_T1-R8
